feature,mean_abs_shap,shap_rank,mean_abs_shap_value
merchant_novelty_rate,0.425624,1,0.425624
qsr_txn_count_30d,0.40844688,2,0.40844688
grocery_spend_30d,0.30892748,3,0.30892748
qsr_spend_30d,0.23145142,4,0.23145142
qsr_recency_days,0.17975058,5,0.17975058
weekend_dining_frequency,0.14199004,6,0.14199004
competitor_qsr_share_90d,0.098560065,7,0.098560065
fuel_spend_30d,0.08302346,8,0.08302346
campaign_exposed,0.011783699,9,0.011783699
